round,mean,std,n
0,4.7966658,0.052939774193889705,5
1,4.6555424,0.008608531396237034,5
2,4.6177678,0.016397471335544495,5
3,4.579933,0.017034553751125888,5
4,4.5646226,0.03327978974242456,5
5,4.5593538,0.025316214205524625,5
6,4.5610278,0.03126385394828972,5
7,4.5515758,0.032802541710970946,5
8,4.557034,0.04558699370434529,5
9,4.539271600000001,0.04638773031524631,5
10,4.5516136000000005,0.03701867612840875,5
11,4.5422048,0.023065192860672008,5
12,4.5330531999999994,0.11296788312923263,5
13,4.4826762,0.0949492256140093,5
14,4.425257,0.0491747896436783,5
15,4.4106158,0.07749705924227084,5
16,4.4936856,0.09873429563885083,5
17,4.432149000000001,0.06685661789606177,5
18,4.358133,0.10126150520805025,5
19,4.357169000000001,0.1342994364396216,5
20,4.312208,0.06898395267016813,5
21,4.2862434,0.05142443625651143,5
22,4.270293000000001,0.09762956802885076,5
23,4.316075199999999,0.035110696563867914,5
24,4.3045610000000005,0.09174929082287221,5
25,4.2718296,0.09701042340027168,5
26,4.2230734,0.0841020111757146,5
27,4.1973902,0.1108266964350196,5
28,4.1699188000000005,0.08619111039254568,5
29,4.1779314,0.06586732795779707,5
30,4.1641866,0.10348370781335588,5
31,4.1376292,0.09708826827789231,5
32,4.1392430000000004,0.09969801594565471,5
33,4.1614366,0.13966058548960783,5
34,4.0709504,0.08395789248069535,5
35,4.099849600000001,0.04640064233714887,5
36,4.069274200000001,0.11825726216473967,5
37,4.072125000000001,0.1517157663988817,5
38,4.0935542,0.18247733151736956,5
39,4.076513,0.19834590216462747,5
40,3.9501745999999995,0.07705093675160614,5
41,3.940901,0.07670616131706763,5
42,3.9744743999999996,0.09043624447255642,5
43,4.006410400000001,0.10148544416220504,5
44,3.9725054,0.17976852674147384,5
45,3.9018448,0.15220439829124513,5
46,3.8625448000000007,0.04526993039203841,5
47,3.9248608,0.1490910422785352,5
48,3.9731112000000004,0.2260908670539348,5
49,3.8192896000000003,0.11532864586606395,5
50,3.7839798,0.11804099038766158,5
51,3.821412,0.12481790740715044,5
52,3.7471528,0.06122459770549748,5
53,3.7747330000000003,0.05632791327574629,5
54,3.8596670000000004,0.07525170429963692,5
55,3.8438747999999996,0.11084827147366799,5
56,3.7486768000000006,0.17114246920095547,5
57,3.7384508000000003,0.16411902260158637,5
58,3.7597885999999994,0.1429125575021314,5
59,3.7262324,0.14774122098216186,5
60,3.7262346,0.14002897355654648,5
61,3.7736642,0.08246144993086166,5
62,3.680891,0.19951142685069453,5
63,3.588679,0.1395862560838279,5
64,3.6319980000000003,0.13594339089304774,5
65,3.7157767999999995,0.11600306516726186,5
66,3.6146472000000003,0.1680142172011048,5
67,3.6059384000000003,0.14798111617128717,5
68,3.5834804,0.145739135860276,5
69,3.5760060000000005,0.16364942654192224,5
70,3.6362238,0.15761187224698528,5
71,3.600684200000001,0.16176369647019073,5
72,3.5464420000000003,0.2118827488447325,5
73,3.5209925999999996,0.15230725932403885,5
74,3.5368566,0.11918075308454804,5
75,3.5505578,0.13662769560085536,5
76,3.5101950000000004,0.17500217600504292,5
77,3.5022536000000004,0.14937354623493404,5
78,3.5037478,0.15998429870052877,5
79,3.5512064000000003,0.15926270567932727,5
80,3.5037092000000003,0.19944852908382157,5
81,3.3921532,0.13910569980486057,5
82,3.4292612,0.13413930864664553,5
83,3.4533476,0.14090328287800824,5
84,3.4139486000000003,0.12451549571760141,5
85,3.4155975999999995,0.166978806233905,5
86,3.4487474000000007,0.1898285978199808,5
87,3.4190888,0.04419290279219054,5
88,3.413903,0.18838978484912605,5
89,3.3638329999999996,0.22812984696987818,5
90,3.2459350000000002,0.2400292931612724,5
91,3.2858908,0.22568777929741773,5
92,3.3684538,0.1884737849110587,5
93,3.3588584,0.18431745158367405,5
94,3.2316568000000006,0.11058881218369246,5
95,3.2389006,0.15161525905495138,5
96,3.2388246,0.07307486557154937,5
97,3.253075,0.140653132089193,5
98,3.3034711999999997,0.11675942378112356,5
99,3.2966026,0.19124554998692128,5
100,3.2690244,0.30181534648821284,5
101,3.1756542000000003,0.15425918480174855,5
102,3.1985724,0.12054352275132824,5
103,3.180517,0.16971810174374444,5
104,3.209703,0.16442562047016884,5
105,3.2071572,0.15300912152777044,5
106,3.2430969999999997,0.12727283216578464,5
107,3.2542418000000004,0.1318305183510252,5
108,3.1881008,0.22654787960980777,5
109,3.1034341999999997,0.19608008638105,5
110,3.1633788000000003,0.11666547753170176,5
111,3.1508282000000003,0.12475951767981473,5
112,3.1069966,0.19951273456298468,5
113,3.1040616,0.19029301554655126,5
114,3.087305,0.16240497448200295,5
115,3.0786423999999997,0.19196915263473976,5
116,3.010329,0.18294248574620392,5
117,2.998003,0.17894856527086223,5
118,3.0764807999999997,0.11998443183680116,5
119,3.2108894,0.13487500906506,5
120,3.1270958,0.2842289074930626,5
121,2.9590386000000004,0.15561769770273565,5
122,2.9772256,0.16042382822168286,5
123,2.9460642,0.12099576322004005,5
124,3.00901,0.1637876785094042,5
125,3.0862692,0.14808183534519015,5
126,3.0678026,0.2036678002404897,5
127,2.9166314,0.186582247334252,5
128,2.9401378,0.13413399863457434,5
129,2.9861174,0.15386000148446635,5
130,2.8653071999999993,0.17310272123713136,5
131,2.9200983999999996,0.2512200562889037,5
132,2.9796628,0.25332158261723375,5
133,2.9290294,0.23804739846362538,5
134,2.8160512,0.12260120256628805,5
135,2.8386686000000005,0.11537248091854484,5
136,2.9842324,0.11685243255833407,5
137,2.9879028,0.3336435431642578,5
138,2.8590854,0.3329528310456303,5
139,2.7834048000000005,0.18765316749178518,5
140,2.8370796,0.1490024912687704,5
141,2.8970366,0.16477769302093054,5
142,2.9720262,0.2065675607511983,5
143,2.9329582000000003,0.2852824771988284,5
144,2.7806086,0.2486935397136404,5
145,2.7337182,0.14969381457895972,5
146,2.8196754000000004,0.1316019580298865,5
147,2.9432116,0.21267857266847556,5
148,2.6818676000000004,0.11424544355159208,5
149,2.767944,0.26177777254476753,5
150,2.7153724,0.25360353844889466,5
151,2.7041808,0.2316599401228016,5
152,2.7308556000000004,0.24006853342285409,5
153,2.7753256,0.2399274633859159,5
154,2.711329,0.21847144744908886,5
155,2.7300270000000006,0.2405719057703954,5
156,2.673428,0.19509536435548644,5
157,2.6948693999999995,0.3077684123887636,5
158,2.6538234,0.1222931673859991,5
159,2.740056,0.2711599648132077,5
160,2.6909297999999997,0.21533663395878563,5
161,2.6889342,0.25428952886857137,5
162,2.5805412000000003,0.18680842236821119,5
163,2.6585564,0.27179395317280325,5
164,2.6822624,0.17287760399282487,5
165,2.6329818,0.25194893090803144,5
166,2.5743292,0.17141385948545698,5
167,2.6929536000000005,0.2997528712469657,5
168,2.5787389999999997,0.18148589082763417,5
169,2.5675890000000003,0.21104084173922358,5
170,2.6139531999999996,0.11615946989677592,5
171,2.6841418,0.148995717261269,5
172,2.6845436000000005,0.09213618934110526,5
173,2.6862173999999994,0.16792934912724458,5
174,2.4916229999999997,0.22867590098980692,5
175,2.4638556,0.2882866063638753,5
176,2.4986896,0.23697195714535507,5
177,2.5217604000000002,0.26459576974755283,5
178,2.6780313999999996,0.17041355585985524,5
179,2.6493294,0.2605699541923435,5
180,2.6199012,0.29844407317569566,5
181,2.4917006,0.2574455430091964,5
182,2.4504174,0.18319696109051586,5
183,2.4187192,0.20746566618527512,5
184,2.4597469999999997,0.1761441288363027,5
185,2.690686,0.41929930809506466,5
186,2.4709332,0.2436817178302467,5
187,2.4483032000000002,0.26469128062650643,5
188,2.4034312,0.21201761818702716,5
189,2.4295386,0.28433545733217996,5
190,2.5322266,0.23205375397803849,5
191,2.5127512,0.15504026875524968,5
192,2.3693964000000003,0.10308626305090321,5
193,2.3848096,0.24680960483396905,5
194,2.3295103999999998,0.1606173778091897,5
195,2.3552931999999998,0.23694985543401373,5
196,2.4512994000000004,0.25548631529946947,5
197,2.4294751999999997,0.13940098130823908,5
198,2.407232,0.09527134845009813,5
199,2.4603332,0.18556913776864944,5
200,2.276068,0.10793285661928902,5
201,2.2757326,0.2601530600027607,5
202,2.4162746,0.15529474585542166,5
203,2.5615345999999994,0.36436732107147035,5
204,2.3212713999999997,0.28204443362225745,5
205,2.1936854000000006,0.21399120426503515,5
206,2.265831,0.15703852889020575,5
207,2.4728779999999997,0.28040177530019317,5
208,2.4247198,0.2690263118343632,5
209,2.3465818,0.16707430244265573,5
210,2.2505854,0.08102618213454225,5
211,2.2243535999999997,0.19690333706618587,5
212,2.2657667999999997,0.13710025318065616,5
213,2.366492,0.1823752040739091,5
214,2.3048318,0.14388172600507673,5
215,2.2468688,0.24002338442264318,5
216,2.2594856,0.20447750884950652,5
217,2.223196,0.19782560200843569,5
218,2.3055506,0.08825937234821017,5
219,2.276764,0.2862815702494661,5
220,2.4179748,0.241990369878018,5
221,2.3046546,0.1915482982874033,5
222,2.230036,0.08341189285707402,5
223,2.2143294,0.1941636594558827,5
224,2.3513387999999997,0.13860123283254014,5
225,2.1961404,0.18055458743216693,5
226,2.2169154000000004,0.15440611203673255,5
227,2.1743894,0.14150238603924664,5
228,2.2375656,0.156954398755817,5
229,2.1860557999999997,0.25436974428713016,5
230,2.2018098,0.23519164114015614,5
231,2.0332476,0.19450271214510093,5
232,2.1056201999999997,0.24624810783273046,5
233,2.2676264,0.43671128225613765,5
234,2.1530250000000004,0.18673457008679453,5
235,2.1981674,0.3143128537568899,5
236,2.3383776,0.3318121831553205,5
237,1.9970413999999999,0.08346365431911063,5
238,2.0682470000000004,0.22922649541337925,5
239,1.9717973999999998,0.10362942848100627,5
240,2.0147148,0.19088939447543962,5
241,2.0056236,0.12025683934936925,5
242,2.0710120000000005,0.15343274753291747,5
243,2.044318,0.13857661831275866,5
244,2.1651908,0.07739924318557635,5
245,2.1845906,0.22923454275217767,5
246,2.302303,0.2779811073679289,5
247,2.1647264,0.1317947564977454,5
248,1.9985377999999998,0.1701932664287868,5
249,1.9810659999999998,0.2590219376510414,5
250,2.0266197999999997,0.12238056055681396,5
251,1.9417664000000001,0.264418216786968,5
252,1.9687476,0.24901129350151976,5
253,2.0355666,0.37345137557558944,5
254,1.9085720000000002,0.2114943063713537,5
255,1.9987906,0.3007733861752067,5
256,2.1036932,0.25604088495921895,5
257,1.9563247999999998,0.10019671274647683,5
258,1.9807454,0.16255414799629075,5
259,2.400901,0.5644398338649568,5
260,1.9939961999999998,0.46458826725090674,5
261,1.8384718,0.2503117918860395,5
262,1.8441388,0.25366915346017144,5
263,1.8667948000000003,0.30691873336145525,5
264,1.8523412000000001,0.17337217370933547,5
265,1.8335443999999999,0.3064067941271865,5
266,1.9680347999999999,0.29059863405167613,5
267,1.8928585999999998,0.23942413120715297,5
268,1.90412,0.13281250075764703,5
269,1.8839266,0.29194030880181643,5
270,2.0266955999999996,0.22571527990656726,5
271,1.8855556,0.2742569090110584,5
272,1.9960700000000002,0.1492449847582826,5
273,1.9815915999999998,0.36669151194335,5
274,1.8900426,0.2893146112717088,5
275,1.9017822000000002,0.3065454905315033,5
276,1.7359801999999998,0.172359404031808,5
277,1.7696896000000002,0.22216151500046094,5
278,1.8858821999999997,0.2765871540377463,5
279,1.7959789999999998,0.27651736484351214,5
280,1.8088704,0.1926574893698659,5
281,1.9050398000000002,0.39150017121733155,5
282,1.7538319999999998,0.09789950866322054,5
283,1.7456528000000002,0.29318663651281923,5
284,1.8590842000000003,0.2137327351277758,5
285,1.7773110000000003,0.27188736832372334,5
286,1.8751852000000002,0.23169904599868346,5
287,1.7766680000000001,0.20003992994899789,5
288,1.7561592000000001,0.10597185684038948,5
289,1.7364094,0.1624715894512022,5
290,1.794568,0.10187907280693126,5
291,1.8896369999999998,0.22832160190069622,5
292,1.9555344,0.2358058575582888,5
293,1.7906984000000001,0.16260872753115072,5
294,1.8435938,0.10311810979987956,5
295,1.7154416000000001,0.22946929652417553,5
296,1.7282714,0.14948696050258037,5
297,1.7104046,0.2690333514878778,5
298,1.7306926,0.2128273731132816,5
299,1.7262494,0.2538532868632983,5
300,1.7325986,0.18619840534172147,5
301,1.7154266,0.17422545420316748,5
302,1.6645969999999999,0.13402146015657349,5
303,1.7057054,0.20936280963151027,5
304,1.7902977999999998,0.21284250614879532,5
305,1.7242457999999998,0.18893615734607286,5
306,1.6723232,0.1449358439317203,5
307,1.6020742,0.22620169843239463,5
308,1.6212714,0.09642854921287577,5
309,1.5693758,0.18705207474176808,5
310,1.6069466,0.18005850316022287,5
311,1.6857210000000002,0.23322031747362834,5
312,1.671433,0.2246551671562441,5
313,1.6291912,0.23379874245534346,5
314,1.6002738,0.2085821035736288,5
315,1.6996452000000002,0.3192671083202903,5
316,1.6733172,0.2616565992072433,5
317,1.5545984,0.164949975396482,5
318,1.5591793999999999,0.18207276122418753,5
319,1.5511332,0.2368583609653668,5
320,1.5547186,0.16898752649027085,5
321,1.4873764,0.2591121303862481,5
322,1.6444648000000002,0.16968181345005717,5
323,1.554766,0.30682010664475695,5
324,1.6484206000000001,0.19226549354811434,5
325,1.5430906,0.26672359422218345,5
326,1.5622872,0.15726068130718496,5
327,1.4944658,0.261946221085932,5
328,1.5303609999999999,0.2020699219292669,5
329,1.5040682,0.3042231223965397,5
330,1.5547672000000001,0.23017322409589697,5
331,1.4021682000000002,0.23889296130736037,5
332,1.568897,0.29222688376413963,5
333,1.417905,0.24529062805272447,5
334,1.439922,0.17850172990898433,5
335,1.3461876,0.16316681558086496,5
336,1.4650210000000001,0.2174946890248127,5
337,1.3896168,0.24575997030985333,5
338,1.4811666,0.26900697708758414,5
339,1.4034198,0.24579523415172236,5
340,1.313514,0.14787830947268774,5
341,1.3292552,0.09360934250757239,5
342,1.289179,0.12374172635978538,5
343,1.3039990000000001,0.04226841241400019,5
344,1.3141460000000003,0.14857893669023214,5
345,1.3392496,0.0706682280045283,5
346,1.3370698,0.1914569883112132,5
347,1.3231628,0.13473021841702776,5
348,1.3249026000000002,0.18853798688275,5
349,1.3512904000000001,0.1335406332143891,5
350,1.3284934,0.13266841279407848,5
351,1.3612954,0.22528986355204708,5
352,1.3065148,0.13476614577556184,5
353,1.3063135999999997,0.1887831690334178,5
354,1.252431,0.12283005006715579,5
355,1.2723178000000002,0.15704602613947294,5
356,1.1986398,0.0971053497532448,5
357,1.2204244,0.12314883977244769,5
358,1.1549646,0.06201752070423331,5
359,1.2080486000000001,0.10427674343447821,5
360,1.1967702,0.05147958961277767,5
361,1.2711723999999998,0.12521223493053704,5
362,1.2201692,0.07481065096762626,5
363,1.2994582000000001,0.1755568421500569,5
364,1.2746705999999999,0.0825443089879611,5
365,1.3448844000000002,0.2594190394733972,5
366,1.2467926,0.1765935310516781,5
367,1.2864794000000002,0.2329091618910686,5
368,1.1893346,0.09371349611075232,5
369,1.3041142,0.22426211552712147,5
370,1.2071948000000001,0.07182250446552252,5
371,1.288688,0.19733844232941533,5
372,1.2335536,0.1727489487009979,5
373,1.2455212,0.2076981673335131,5
374,1.167343,0.11477009715949531,5
375,1.2044922000000002,0.20225204598149304,5
376,1.1649332000000001,0.15232360235268858,5
377,1.1551604,0.20855280492072026,5
378,1.0722345999999998,0.11718321380982856,5
379,1.1255252,0.1883621400207589,5
380,1.0766696,0.14981733989695584,5
381,1.1321178,0.17791107415138607,5
382,1.0808432,0.07782156627632215,5
383,1.1220960000000002,0.1254280989092954,5
384,1.0723622000000002,0.04665868104329565,5
385,1.0593705999999998,0.07547484703064986,5
386,1.0865079999999998,0.15453834117622722,5
387,1.0772548,0.07331327891794234,5
388,1.0930659999999999,0.12268553584877066,5
389,1.0736134,0.0511444624011241,5
390,1.0988492,0.09854358498502072,5
391,1.0417786,0.043823428674625624,5
392,1.0333982000000002,0.0485101459872056,5
393,1.0205248,0.055657310824365175,5
394,1.0155882,0.05057889868018084,5
395,1.0235676,0.052440583070747816,5
396,1.0179302,0.055045780375974296,5
397,1.0130868,0.06810076466677886,5
398,0.9902082,0.038213327736537135,5
399,0.9924978,0.06220008104657095,5
400,0.9809234,0.04899496515255422,5
401,0.9840214000000002,0.06966129871241274,5
402,0.9653721999999998,0.059345241335763375,5
403,0.9939532,0.05422410136369254,5
404,0.9807497999999999,0.08183507352413141,5
405,0.9824432,0.07258511840728787,5
406,0.9616404,0.04385230293040488,5
407,0.9693102,0.08294901766567218,5
408,0.9453733999999999,0.04012547399470813,5
409,0.9568196,0.08148479456499844,5
410,0.9351764000000001,0.048884070711224525,5
411,0.941953,0.09137774314623884,5
412,0.9287696000000001,0.045139797383240435,5
413,0.9307224,0.06406580534341234,5
414,0.9188668,0.056048533528541125,5
415,0.9126754,0.05206715888446384,5
416,0.9403231999999999,0.066300040763185,5
417,0.9212807999999999,0.05451476161279622,5
418,0.9299936000000001,0.07135050986713408,5
419,0.9070550000000001,0.04177446862019911,5
420,0.8933116,0.054467215853208455,5
421,0.8937846,0.037476564067427505,5
422,0.8857459999999999,0.05019849976343918,5
423,0.9254186000000001,0.04635467397469214,5
424,0.8787832,0.04761806001613257,5
425,0.9150320000000001,0.04496349797891623,5
426,0.8996966000000001,0.050086640257657536,5
427,0.9080306,0.056072266556649916,5
428,0.9060081999999999,0.05181974524445289,5
429,0.916387,0.06558961031672624,5
430,0.9064382,0.046079972414271246,5
431,0.8719538,0.05157865184065982,5
432,0.8571012,0.044715260294445364,5
433,0.871944,0.04861471928850354,5
434,0.8632557999999999,0.05480824040871955,5
435,0.8364794,0.038286843723399286,5
436,0.8365514000000001,0.04546754706711153,5
437,0.8536464,0.03757769977393508,5
438,0.849033,0.04687210428922517,5
439,0.8801488000000001,0.06007358539907535,5
440,0.8481624,0.02753237261479655,5
441,0.8598365999999998,0.05735456032696964,5
442,0.8252010000000001,0.0603672869897265,5
443,0.8253576,0.03199722432961959,5
444,0.8227117999999999,0.06008244257434947,5
445,0.8029472,0.06013901814712305,5
446,0.8240084,0.06320376068557945,5
447,0.8050865999999999,0.05423566320051781,5
448,0.8283533999999999,0.06466855684797675,5
449,0.803314,0.05045510328499982,5
450,0.8440804,0.0959844795568534,5
451,0.8046502,0.07192496027597094,5
452,0.8235798000000001,0.053789054831815016,5
453,0.7880087999999998,0.053973053380367494,5
454,0.8126942000000001,0.06126211811307215,5
455,0.7900868,0.04118145926506249,5
456,0.818206,0.059948951442039426,5
457,0.7726893999999999,0.05487707213673119,5
458,0.816967,0.07140585347504783,5
459,0.7690159999999999,0.041578741094458346,5
460,0.7860860000000001,0.05303709905811211,5
461,0.768624,0.04219746767876006,5
462,0.7846518,0.04985882539430708,5
463,0.7890240000000001,0.036087459400739236,5
464,0.7665478,0.06197804526362544,5
465,0.7782642,0.034729773116160725,5
466,0.7474712,0.04299316975636943,5
467,0.7746308000000001,0.052071456789684674,5
468,0.7516368,0.045337352124931146,5
469,0.752845,0.04972587570872935,5
470,0.7461018000000001,0.042184780948820895,5
471,0.7308969999999999,0.05242850971561179,5
472,0.7318708,0.034633514703246625,5
473,0.7232306,0.03447363955691363,5
474,0.7414752,0.04333305067959096,5
475,0.7151658,0.03755818508261544,5
476,0.735422,0.031075379104686704,5
477,0.7127290000000001,0.05447231472041556,5
478,0.7183932000000001,0.03823193461884973,5
479,0.7090984,0.03803600595882804,5
480,0.7234064,0.05588213021440753,5
481,0.7035368,0.035821198503121016,5
482,0.6956832000000001,0.04733642584944496,5
483,0.7082468,0.059238302990548254,5
484,0.7015823999999999,0.05096870023161275,5
485,0.7133082000000001,0.04605529986548777,5
486,0.6948888,0.06745393512019886,5
487,0.6870221999999999,0.04515889762494208,5
488,0.6930487999999999,0.04213454247645276,5
489,0.6875734,0.03840320241594442,5
490,0.704012,0.05261436050167293,5
491,0.683744,0.03056695890172915,5
492,0.6877184,0.03735376004902319,5
493,0.6736953999999999,0.034920835368014894,5
494,0.6780001999999999,0.05093476991407735,5
495,0.6558312000000001,0.038546591829888115,5
496,0.6730134,0.05729530919106729,5
497,0.6515848,0.0544083480193986,5
498,0.6598926,0.0299004672003633,5
499,0.646447,0.035738413891777586,5
500,0.6636063999999999,0.04209609627744597,5
501,0.6456776,0.032644716131404794,5
502,0.650235,0.06374172742795728,5
503,0.6515904000000001,0.034649556163102585,5
504,0.6407860000000001,0.07156245448906852,5
505,0.6490572,0.06391896240318673,5
506,0.6437444,0.04857838507813942,5
507,0.6208954,0.03647669732582706,5
508,0.63514,0.04317690356544803,5
509,0.6207703999999999,0.0426176546785484,5
510,0.6236526,0.04833146410776317,5
511,0.6089576,0.05021919779128297,5
512,0.6127032000000001,0.0359153216287979,5
513,0.6063974,0.028711073391637615,5
514,0.6012466000000001,0.04237489023348616,5
515,0.6158927999999999,0.05124489867489249,5
516,0.6100568,0.051646686415490396,5
517,0.6028572000000001,0.04642877484060936,5
518,0.6066358000000001,0.043659661876840075,5
519,0.5961736,0.04547007984708183,5
520,0.5903076,0.05176953332124985,5
521,0.5958116,0.04728234416037342,5
522,0.5922226,0.04305955504066432,5
523,0.5883754,0.029479911368591308,5
524,0.5917796,0.03949414016408004,5
525,0.5773602,0.03982490858369922,5
526,0.5942223999999999,0.03722409891857691,5
527,0.5680162,0.04678684639618273,5
528,0.5854472000000001,0.06139116071308637,5
529,0.5637532000000001,0.04611477092212428,5
530,0.574425,0.03840737728614128,5
531,0.5580839999999999,0.05495732187343195,5
532,0.5580484,0.047084808726382266,5
533,0.5606329999999999,0.04475802833012193,5
534,0.5563203999999999,0.046592484955194205,5
535,0.5473001999999999,0.0488211884093372,5
536,0.5443962,0.04912372265718466,5
537,0.5374026000000001,0.04160154239087776,5
538,0.5465638,0.04705641719468238,5
539,0.53624,0.046912782303973416,5
540,0.533754,0.05167401211924618,5
541,0.5461088000000001,0.054186129961457864,5
542,0.5286478,0.051393227138408056,5
543,0.5277350000000001,0.06782413739591532,5
544,0.5046534,0.04837562030920122,5
545,0.5179484,0.04711511334274807,5
546,0.5095938,0.04891609687209314,5
547,0.5093859999999999,0.060855024632317754,5
548,0.5094858,0.0532095013808624,5
549,0.5056224,0.049498375895578664,5
550,0.487784,0.054165757213390835,5
551,0.4902668,0.05195136532084599,5
552,0.47715760000000007,0.04157979426716777,5
553,0.4846544,0.05330674033647152,5
554,0.4776942,0.061380975079416915,5
555,0.470711,0.061837419888769604,5
556,0.4635946000000001,0.05592143919195927,5
557,0.4646274,0.06241884971144534,5
558,0.45370679999999997,0.05558221290754807,5
559,0.4584538,0.07274795923735591,5
560,0.4526124,0.07192129116819304,5
561,0.45060859999999997,0.05648125425572628,5
562,0.4443182,0.0728577315780556,5
563,0.434181,0.04782399524820152,5
564,0.4282896,0.05886950634921276,5
565,0.4430682,0.05530283904737625,5
566,0.43073400000000006,0.05675675066016377,5
567,0.4215312,0.06333272135476259,5
568,0.4224914,0.06661135442475254,5
569,0.4122878,0.04816524711033881,5
570,0.4182004,0.06847616331103838,5
571,0.4126098000000001,0.0518340578548506,5
572,0.4043404,0.05855557630405491,5
573,0.3915334,0.061673062083862834,5
574,0.398201,0.059476651128825345,5
575,0.3865172,0.05213551263486341,5
576,0.3811644,0.06324712024511471,5
577,0.3858168,0.057223519497668095,5
578,0.3799148,0.0640809673475674,5
579,0.3723546,0.06641443295925968,5
580,0.3721898,0.07637446960666894,5
581,0.36304780000000003,0.054499495559133394,5
582,0.35891300000000004,0.07287112656944451,5
583,0.35365140000000006,0.05361911816040991,5
584,0.3574396,0.06428429997518834,5
585,0.345955,0.060571932266520925,5
586,0.36354600000000004,0.07273158974957167,5
587,0.340882,0.06063996129203911,5
588,0.33775499999999997,0.0583496354830088,5
589,0.3293266,0.06727575293001185,5
590,0.33097439999999995,0.06204379858857773,5
591,0.32201559999999996,0.052973000012270406,5
592,0.3173102,0.056138606481636134,5
593,0.31985300000000005,0.07205945977801942,5
594,0.30822,0.048340643675896584,5
595,0.3123324,0.0745635764720282,5
596,0.31171920000000003,0.05994939614541584,5
597,0.3003788,0.06312589923874352,5
598,0.2995886,0.051818949147970944,5
599,0.2953356,0.05646326058420644,5
600,0.2908056,0.03986339452806297,5
601,0.28754540000000006,0.05052126112143283,5
602,0.2827392000000001,0.04751248347750303,5
603,0.2844028,0.040048431981789236,5
604,0.2806284,0.0577161519793203,5
605,0.27603619999999995,0.05323341395871581,5
606,0.27492419999999995,0.053157634491199854,5
607,0.2730084,0.052833508711801445,5
608,0.2706204,0.05804567687864447,5
609,0.2674646,0.05848418704487563,5
610,0.2683352,0.04249115717063963,5
611,0.2584592,0.05470831041258724,5
612,0.2549796,0.04962713944808828,5
613,0.25607159999999995,0.05677359078656202,5
614,0.25279820000000003,0.046179061864658956,5
615,0.2458494,0.05821667046302116,5
616,0.253571,0.07137823229458685,5
617,0.24907160000000003,0.05715920458508849,5
618,0.2355774,0.049517398925024325,5
619,0.2382342,0.058402378407903896,5
620,0.23276919999999998,0.05087352107137858,5
621,0.23341139999999996,0.060538198761608354,5
622,0.22113999999999998,0.051660909975531785,5
623,0.22541019999999995,0.05165294552782058,5
624,0.22022179999999997,0.045777998538599304,5
625,0.21756479999999997,0.04890391167585678,5
626,0.21505420000000003,0.04710377832722126,5
627,0.2184214,0.0418836278311705,5
628,0.22076820000000003,0.03794896697803513,5
629,0.20701019999999998,0.043697367926455254,5
630,0.21183900000000003,0.04145754229932113,5
631,0.2096,0.04518147964044559,5
632,0.20249999999999999,0.03924737065078374,5
633,0.20534280000000002,0.05080167608160189,5
634,0.20204399999999997,0.05122406173860093,5
635,0.1966514,0.04484142991475628,5
636,0.19702139999999999,0.04964302345546652,5
637,0.19053,0.044609613498661924,5
638,0.185618,0.04018225872197829,5
639,0.1866324,0.03520323609130274,5
640,0.1869974,0.04407698609024895,5
641,0.1797108,0.04169069522327493,5
642,0.18420140000000002,0.041262182198715566,5
643,0.17846979999999998,0.03911578530082197,5
644,0.1753444,0.03662491521218854,5
645,0.1724752,0.0425603415129625,5
646,0.1706534,0.033007624684305896,5
647,0.1687034,0.03599373711216995,5
648,0.1653302,0.03751323196820023,5
649,0.1663202,0.0312444353717586,5
650,0.16468120000000003,0.035339244512298223,5
651,0.1612716,0.03408903957726001,5
652,0.1632342,0.03819059917309494,5
653,0.1641222,0.0362874429686083,5
654,0.1560948,0.03503120030344379,5
655,0.1546374,0.031113045170796123,5
656,0.153968,0.035754197243120976,5
657,0.1532692,0.03215836094548352,5
658,0.1486804,0.0290151295844082,5
659,0.14421659999999997,0.028516562464645,5
660,0.14915240000000002,0.03379654040430766,5
661,0.1447828,0.031769906195958465,5
662,0.14359320000000003,0.03366163081610872,5
663,0.1395322,0.02858976133513534,5
664,0.1394592,0.030811854223658782,5
665,0.1378496,0.03226007091281729,5
666,0.13688700000000004,0.02973373521776233,5
667,0.13823459999999999,0.028028291123434548,5
668,0.13324419999999998,0.028288827161973333,5
669,0.1307674,0.03497362792591011,5
670,0.13250479999999998,0.030487904891940348,5
671,0.130317,0.026934698206959734,5
672,0.12605660000000002,0.02753800901118307,5
673,0.12621960000000002,0.02746848731364725,5
674,0.1229482,0.029218473055585913,5
675,0.13029960000000002,0.03969547773109677,5
676,0.1223592,0.029984511213291442,5
677,0.120712,0.025466321161486987,5
678,0.12013259999999999,0.029183017943660315,5
679,0.115012,0.028008942848668884,5
680,0.115196,0.02320131299086325,5
681,0.11501759999999998,0.02543228824349079,5
682,0.1124274,0.025809810872999432,5
683,0.11241379999999998,0.025243955488393654,5
684,0.1082196,0.021510325934304197,5
685,0.108127,0.018298512412215372,5
686,0.10678639999999999,0.020711993151312114,5
687,0.1072646,0.019953181833983268,5
688,0.106097,0.024177832067826102,5
689,0.1041406,0.02408860603687976,5
690,0.10284339999999999,0.022692191482974928,5
691,0.10319339999999999,0.02333383987473987,5
692,0.0977836,0.020594468973488978,5
693,0.0999454,0.023505937862591236,5
694,0.0980072,0.02080683697009231,5
695,0.0984752,0.017409392872814376,5
696,0.0964046,0.020336303321892107,5
697,0.0941632,0.018041973788917882,5
698,0.0937018,0.02031551471659037,5
699,0.0911268,0.021635565065419488,5
700,0.0923406,0.016486122673327407,5
701,0.090397,0.020053103899396723,5
702,0.0904146,0.01607819124777411,5
703,0.08709439999999999,0.016909395030573985,5
704,0.0874222,0.017976315618057005,5
705,0.0891898,0.02058929166338658,5
706,0.085923,0.019514663627641652,5
707,0.0851322,0.015837221274579705,5
708,0.0840646,0.018951807837248667,5
709,0.087934,0.0191101523672628,5
710,0.08523460000000001,0.02498614436642837,5
711,0.0802164,0.014996735688142271,5
712,0.080231,0.01623940226732499,5
713,0.0809896,0.021265196173560215,5
714,0.0783768,0.016948837960167065,5
715,0.07604659999999999,0.014909232250521825,5
716,0.0766706,0.0157297404396894,5
717,0.0763374,0.014086750895788567,5
718,0.075298,0.01534760566016732,5
719,0.07421979999999999,0.015054976874774665,5
720,0.074367,0.011886752437062024,5
721,0.07389760000000001,0.011017204854226864,5
722,0.0742922,0.014724083696447801,5
723,0.0718554,0.011873094259711744,5
724,0.0718294,0.013722655256910013,5
725,0.07051400000000001,0.013084908597311639,5
726,0.0700112,0.01170622476291994,5
727,0.0675618,0.01266478766896627,5
728,0.0666838,0.012400717850189156,5
729,0.0655368,0.011699661093382151,5
730,0.0655856,0.011350104263838283,5
731,0.06547560000000001,0.011172593758836846,5
732,0.0642318,0.011948007122528845,5
733,0.0639386,0.011948781707772554,5
734,0.06296260000000001,0.011819240195545564,5
735,0.0660452,0.014921759721963091,5
736,0.061908200000000004,0.01179701770364019,5
737,0.06131060000000001,0.013765389798331171,5
738,0.0627372,0.01663880971403904,5
739,0.0602606,0.013473272590577247,5
740,0.059116,0.011137988485359462,5
741,0.0609472,0.011054401711535544,5
742,0.05807920000000001,0.012277009619610143,5
743,0.05905320000000001,0.012523953557084121,5
744,0.056942000000000006,0.010773553243939532,5
745,0.057531200000000005,0.011808780999747602,5
746,0.0564976,0.009684659328030079,5
747,0.054867599999999996,0.010778867626054234,5
748,0.0551378,0.013556843740340151,5
749,0.053745600000000004,0.009294019975231386,5
750,0.05399219999999999,0.010458028265404526,5
751,0.05271440000000001,0.010463669710001362,5
752,0.053198199999999994,0.009303230551802962,5
753,0.0529844,0.010254640378872384,5
754,0.051412,0.009289710302264548,5
755,0.0515498,0.010489305348782637,5
756,0.0508556,0.009729634001338389,5
757,0.04976119999999999,0.008906464798111538,5
758,0.0495788,0.009446512621068161,5
759,0.048227,0.008887584767528241,5
760,0.0478312,0.008567495707614916,5
761,0.048788200000000004,0.008183123468456283,5
762,0.048138400000000005,0.006937709009464147,5
763,0.0474724,0.008271944650443449,5
764,0.0458098,0.008235721656297035,5
765,0.045635999999999996,0.007945791842226926,5
766,0.045535000000000006,0.008939238977675894,5
767,0.045216799999999994,0.007852563033812592,5
768,0.0441402,0.008972425909418255,5
769,0.0451132,0.009037265775664674,5
770,0.043856799999999994,0.00858582492833391,5
771,0.0442328,0.009932901952601766,5
772,0.043612,0.009457304240638557,5
773,0.042546600000000004,0.008607719227530598,5
774,0.042356000000000005,0.00886667883144529,5
775,0.041182,0.008267480420297348,5
776,0.0424672,0.008923552386802019,5
777,0.04214060000000001,0.009910068178372942,5
778,0.0404432,0.00875002698281554,5
779,0.040532,0.007500535547545921,5
780,0.0394648,0.008791371548285283,5
781,0.0402078,0.00820362853864069,5
782,0.039515800000000004,0.00787691108239772,5
783,0.039951,0.006611696567447724,5
784,0.039179200000000004,0.0077598415383305355,5
785,0.0386584,0.007249258568984832,5
786,0.038244799999999995,0.006884980007233137,5
787,0.0382686,0.008342984555900844,5
788,0.0374276,0.007783445593051961,5
789,0.037002400000000005,0.00743004214658302,5
790,0.0370254,0.007101885052575831,5
791,0.0353336,0.007493620440081017,5
792,0.03581259999999999,0.007495441968289794,5
793,0.034189,0.0065030478623488526,5
794,0.03492,0.006933942601435348,5
795,0.0351616,0.005470557128848943,5
796,0.0347804,0.007197509034381272,5
797,0.033833800000000004,0.006311475041541399,5
798,0.0337452,0.006500246933771057,5
799,0.032622200000000004,0.00588084498180321,5
800,0.03289399999999999,0.006325301060028685,5
801,0.0328854,0.0067907413660071025,5
802,0.0325208,0.005909202755025419,5
803,0.031811,0.006483237424312023,5
804,0.0318086,0.006320174546640307,5
805,0.0319368,0.0068139864763587564,5
806,0.0315284,0.006737026962985974,5
807,0.031112400000000002,0.006660230724231707,5
808,0.030553800000000002,0.006396222572737756,5
809,0.030079,0.005476075465148374,5
810,0.0299048,0.005520392123753529,5
811,0.0292746,0.006402942081574688,5
812,0.0294084,0.0054273379109836175,5
813,0.0301918,0.005499553636432688,5
814,0.029515800000000002,0.005632595822531561,5
815,0.0284058,0.005895026267965226,5
816,0.028832599999999996,0.0062391233598960046,5
817,0.0280638,0.005886848452270536,5
818,0.028289799999999997,0.005284007730880037,5
819,0.027481,0.0048400654954246225,5
820,0.027304600000000002,0.006276329922813171,5
821,0.027333200000000002,0.0053082246278770085,5
822,0.027410200000000003,0.005363631437748123,5
823,0.0270156,0.0054077794703556465,5
824,0.027262200000000004,0.005491908293116337,5
825,0.0272872,0.006538376381029162,5
826,0.0265024,0.005235894317115272,5
827,0.0255684,0.00504233693836499,5
828,0.025985599999999998,0.005728694685528284,5
829,0.0255664,0.004982904955946883,5
830,0.0252606,0.004363704767740366,5
831,0.024753200000000003,0.005079397572547357,5
832,0.024385,0.0049901713898422365,5
833,0.0245672,0.005572972519221676,5
834,0.025414399999999997,0.005226358273214724,5
835,0.0241182,0.004602486686564123,5
836,0.024208200000000003,0.005283700710676185,5
837,0.0235316,0.004245411381715557,5
838,0.023410800000000002,0.0038668722114908326,5
839,0.023006199999999997,0.003992713325546926,5
840,0.024293199999999997,0.006387999389480248,5
841,0.023125,0.004568489739509109,5
842,0.0229016,0.0046325326010725485,5
843,0.0221106,0.004508900897114507,5
844,0.0219834,0.0043469920404804055,5
845,0.0215354,0.003855238293542956,5
846,0.0222904,0.004514089476295302,5
847,0.022004,0.0040102190089819295,5
848,0.0217004,0.004090006271388835,5
849,0.022348800000000002,0.005432563639756096,5
850,0.021346800000000003,0.004411422355658093,5
851,0.021534199999999996,0.004600658778914168,5
852,0.021065800000000003,0.0040717276063116006,5
853,0.021238600000000003,0.0036798143023799436,5
854,0.020522199999999997,0.003987188194705638,5
855,0.020877200000000002,0.004655683537355175,5
856,0.0201004,0.00366077277360942,5
857,0.020096400000000004,0.004034956790351044,5
858,0.0199904,0.003911634990640103,5
859,0.0192828,0.003647456744088955,5
860,0.0199032,0.003956081040625937,5
861,0.0198724,0.003922223960969083,5
862,0.0191546,0.0034088230813581395,5
863,0.019196200000000004,0.0035696339027973165,5
864,0.0191834,0.003704347081470634,5
865,0.0186526,0.0037739070338311193,5
866,0.018787400000000003,0.0037244691299566438,5
867,0.018051,0.00367354222787761,5
868,0.0190108,0.0034719519293907276,5
869,0.0183768,0.00298927645091584,5
870,0.0179136,0.0031838152113462864,5
871,0.0179138,0.0030377626964593523,5
872,0.0178758,0.0030098023523148494,5
873,0.0175714,0.0033103250293588997,5
874,0.016993799999999996,0.0028375554972546353,5
875,0.017534,0.002599705271756781,5
876,0.016883000000000002,0.0027529624952040304,5
877,0.0169426,0.0029728969541509506,5
878,0.0169164,0.0025046447452682784,5
879,0.0174804,0.002555586292810321,5
880,0.0167034,0.0027218277498769097,5
881,0.01639,0.0028948157108873098,5
882,0.016450799999999998,0.002682625710008759,5
883,0.016397000000000002,0.002706810577044504,5
884,0.016087999999999998,0.00264929575547918,5
885,0.0158854,0.002792533401769798,5
886,0.016162,0.003086368011109498,5
887,0.016155600000000003,0.003123352893926653,5
888,0.015792999999999998,0.0027881454409696784,5
889,0.0157496,0.00267824873751487,5
890,0.015512599999999998,0.003087825335086168,5
891,0.015429599999999998,0.0025513698869430905,5
892,0.015565200000000001,0.003112434368785951,5
893,0.015219000000000002,0.0025829897405913174,5
894,0.014996400000000002,0.0023027644907805925,5
895,0.0150754,0.0023531607042443993,5
896,0.015003800000000001,0.00241374899274966,5
897,0.0146382,0.0022840080341364833,5
898,0.014626400000000001,0.0028369496470681327,5
899,0.014401,0.0026579755454104537,5
900,0.0141566,0.0022288871214128357,5
901,0.014833599999999999,0.0026773177435635096,5
902,0.014308399999999999,0.002132286050228721,5
903,0.0139792,0.0019778636707316307,5
904,0.0142314,0.0024435691723378736,5
905,0.013692,0.002358805947932131,5
906,0.013562,0.0023692917718170555,5
907,0.013718600000000001,0.002438844665000213,5
908,0.0138178,0.002226674920144385,5
909,0.013300399999999999,0.002345370077407828,5
910,0.0131552,0.0022615948355087833,5
911,0.013422,0.001596135802493008,5
912,0.012922,0.0021226577679880473,5
913,0.0130076,0.0021916284584755693,5
914,0.0128492,0.001902974697677297,5
915,0.012619,0.0019880471573883755,5
916,0.013058999999999998,0.002291769949187746,5
917,0.0133048,0.0026765927407807113,5
918,0.012795999999999998,0.0025331905771181135,5
919,0.012298799999999999,0.0020544015430290154,5
920,0.012675,0.0022615363141015444,5
921,0.0128286,0.002459650137722844,5
922,0.012097,0.002014020605654272,5
923,0.012313000000000001,0.0024585683842431555,5
924,0.0122976,0.0020466133733560918,5
925,0.011829799999999998,0.002102957013350487,5
926,0.0116076,0.0015616505050746786,5
927,0.011857600000000001,0.0017499386560676914,5
928,0.0116398,0.00198005345887428,5
929,0.011713200000000002,0.0020807675747185218,5
930,0.011772,0.00176798854634299,5
931,0.011708199999999998,0.00168315958839321,5
932,0.0116582,0.001775947127591359,5
933,0.0116236,0.001987049143831123,5
934,0.011449999999999998,0.0017865083263170086,5
935,0.0113788,0.0016891572454925557,5
936,0.0109684,0.0016832319507423803,5
937,0.010767200000000001,0.0015591746855307784,5
938,0.0108012,0.001476850771066596,5
939,0.011157400000000001,0.001143570854822734,5
940,0.010628799999999999,0.0013684455414812822,5
941,0.010893799999999999,0.0016563596227872736,5
942,0.0110902,0.0019512399134909066,5
943,0.0110752,0.0016629862296483396,5
944,0.0107892,0.0016526350776865416,5
945,0.0105572,0.0016773455815663032,5
946,0.0104448,0.001759930311120301,5
947,0.0105664,0.0019513083559499248,5
948,0.010298600000000002,0.0016644190578096608,5
949,0.0102194,0.00155915627824795,5
950,0.0102946,0.0018312850133171518,5
951,0.010209800000000002,0.0017036327949414454,5
952,0.009964400000000002,0.0017679327758713002,5
953,0.0099542,0.0019330356178818846,5
954,0.0098112,0.0016659140734143526,5
955,0.009745,0.0014926066126076225,5
956,0.009758399999999999,0.0015154676835881394,5
957,0.009703,0.0017172007745164804,5
958,0.009582799999999999,0.001497030961603667,5
959,0.009665400000000001,0.001333582318419077,5
960,0.0094252,0.0014885970576351412,5
961,0.009515,0.0013997494418645073,5
962,0.009419,0.001452867853591647,5
963,0.009637799999999998,0.001453315244535748,5
964,0.009544,0.0015414914855424924,5
965,0.0093236,0.0011278354489906762,5
966,0.0089126,0.0013582865308910338,5
967,0.0091686,0.0016117668255675199,5
968,0.0092246,0.0014709205620970836,5
969,0.0089238,0.001286863124034565,5
970,0.008879399999999999,0.0011995250310018546,5
971,0.0089798,0.0012554868378441884,5
972,0.0088298,0.0013630356561733815,5
973,0.008967600000000001,0.0016150643330839793,5
974,0.0088306,0.0016122269691330685,5
975,0.0089814,0.0017587297404661124,5
976,0.0087476,0.0014895171365244507,5
977,0.0089098,0.0015788425190626201,5
978,0.0085502,0.0014089125948759209,5
979,0.0085008,0.0014113131119634652,5
980,0.008641600000000001,0.0012272042617266288,5
981,0.008454399999999999,0.0012565034023033922,5
982,0.0085556,0.0014281343774309196,5
983,0.008735399999999999,0.0014698640413317147,5
984,0.008664,0.0011738660485762422,5
985,0.008474800000000001,0.0012548851341855956,5
986,0.008483399999999999,0.0013699247424585044,5
987,0.008412199999999998,0.0010296000194250192,5
988,0.008435599999999998,0.0014819693991442598,5
989,0.0084006,0.0014614112357580944,5
990,0.0083452,0.0015393637321958705,5
991,0.008348,0.0012672618119394274,5
992,0.0083566,0.001390576966586172,5
993,0.008216399999999999,0.0011973423904631457,5
994,0.0078874,0.0011716043700840315,5
995,0.0078866,0.0013963718344337944,5
996,0.007872,0.0010731223136250592,5
997,0.007713199999999999,0.0011440206291846314,5
998,0.007743600000000001,0.0013962593956711627,5
999,0.007826799999999998,0.0010588589141146238,5
