round,value
0,3.757904
1,3.678452
2,3.652976
3,3.636071
4,3.607969
5,3.590436
6,3.57539
7,3.560793
8,3.529249
9,3.515686
10,3.49037
11,3.478776
12,3.45634
13,3.448898
14,3.434312
15,3.406308
16,3.388011
17,3.382144
18,3.360036
19,3.342224
20,3.319905
21,3.309286
22,3.29803
23,3.284321
24,3.26545
25,3.258361
26,3.24568
27,3.223575
28,3.210665
29,3.206696
30,3.181903
31,3.185312
32,3.154053
33,3.136748
34,3.13437
35,3.139812
36,3.111957
37,3.107184
38,3.078328
39,3.072103
40,3.053599
41,3.040485
42,3.036226
43,3.024212
44,3.009668
45,3.001463
46,2.98467
47,2.978815
48,2.964195
49,2.958232
50,2.945215
51,2.941129
52,2.925753
53,2.911507
54,2.906155
55,2.900692
56,2.886943
57,2.885267
58,2.863737
59,2.863268
60,2.848458
61,2.839721
62,2.831573
63,2.841151
64,2.817006
65,2.814128
66,2.802135
67,2.79058
68,2.784511
69,2.771985
70,2.77353
71,2.756509
72,2.753382
73,2.740312
74,2.750589
75,2.729638
76,2.718812
77,2.708608
78,2.707893
79,2.695573
80,2.689068
81,2.686529
82,2.682362
83,2.671996
84,2.667867
85,2.663398
86,2.648952
87,2.644155
88,2.647113
89,2.633553
90,2.627306
91,2.618582
92,2.619314
93,2.607705
94,2.604711
95,2.595413
96,2.588982
97,2.585383
98,2.580352
99,2.58204
100,2.570272
101,2.559927
102,2.554427
103,2.560789
104,2.552426
105,2.542582
106,2.53816
107,2.538263
108,2.526447
109,2.521027
110,2.522642
111,2.51026
112,2.506036
113,2.507717
114,2.511898
115,2.49652
116,2.492746
117,2.480337
118,2.482914
119,2.474535
120,2.473478
121,2.463351
122,2.46592
123,2.455031
124,2.457498
125,2.459314
126,2.445575
127,2.442261
128,2.437475
129,2.44308
130,2.431649
131,2.429199
132,2.419079
133,2.416455
134,2.41277
135,2.409679
136,2.404023
137,2.402814
138,2.397025
139,2.394321
140,2.390707
141,2.38332
142,2.40244
143,2.380169
144,2.374251
145,2.370875
146,2.366434
147,2.364066
148,2.363813
149,2.359025
150,2.351779
151,2.352227
152,2.347038
153,2.348968
154,2.340164
155,2.337989
156,2.337899
157,2.339211
158,2.341053
159,2.33061
160,2.329923
161,2.325202
162,2.319772
163,2.312553
164,2.311403
165,2.311138
166,2.307428
167,2.300769
168,2.297585
169,2.30086
170,2.298475
171,2.292378
172,2.283862
173,2.290057
174,2.288787
175,2.277866
176,2.282484
177,2.269717
178,2.269371
179,2.2789
180,2.271804
181,2.262589
182,2.263129
183,2.257656
184,2.260781
185,2.250363
186,2.260582
187,2.24865
188,2.252426
189,2.240895
190,2.245958
191,2.249061
192,2.244691
193,2.239287
194,2.229384
195,2.226754
196,2.225845
197,2.225086
198,2.221937
199,2.222929
200,2.217857
201,2.212645
202,2.212668
203,2.21675
204,2.207431
205,2.203442
206,2.203467
207,2.199746
208,2.200638
209,2.203671
210,2.203201
211,2.190233
212,2.190135
213,2.19299
214,2.190411
215,2.190222
216,2.179542
217,2.180515
218,2.17714
219,2.173189
220,2.173395
221,2.170727
222,2.178263
223,2.169212
224,2.167925
225,2.160974
226,2.162015
227,2.161978
228,2.161739
229,2.155666
230,2.156805
231,2.151411
232,2.153738
233,2.158595
234,2.155346
235,2.143899
236,2.149208
237,2.141152
238,2.136566
239,2.140458
240,2.136187
241,2.134944
242,2.131812
243,2.130874
244,2.135808
245,2.132147
246,2.131588
247,2.13093
248,2.130391
249,2.134553
250,2.121182
251,2.125557
252,2.11813
253,2.115446
254,2.112258
255,2.119499
256,2.110286
257,2.111287
258,2.10681
259,2.108389
260,2.117407
261,2.107319
262,2.098533
263,2.095566
264,2.102657
265,2.098016
266,2.096033
267,2.098638
268,2.091187
269,2.087026
270,2.089969
271,2.099479
272,2.084348
273,2.082287
274,2.083725
275,2.080496
276,2.079294
277,2.075622
278,2.081541
279,2.077066
280,2.077756
281,2.072812
282,2.075439
283,2.068868
284,2.07072
285,2.071746
286,2.067626
287,2.063397
288,2.063146
289,2.064632
290,2.05792
291,2.056848
292,2.066816
293,2.060611
294,2.060589
295,2.057357
296,2.051965
297,2.056165
298,2.058806
299,2.049326
300,2.048344
301,2.047205
302,2.046158
303,2.041458
304,2.047551
305,2.042573
306,2.04187
307,2.045449
308,2.04065
309,2.038624
310,2.034912
311,2.041789
312,2.035803
313,2.033712
314,2.027809
315,2.034909
316,2.034669
317,2.03336
318,2.025324
319,2.030219
320,2.028808
321,2.027862
322,2.021552
323,2.022486
324,2.028806
325,2.018667
326,2.018234
327,2.015915
328,2.016816
329,2.017098
330,2.010679
331,2.010196
332,2.012724
333,2.010305
334,2.007305
335,2.005466
336,2.009344
337,2.015725
338,2.004556
339,2.003682
340,2.004871
341,2.004909
342,2.001163
343,2.006049
344,1.996752
345,1.994467
346,1.995706
347,2.0003
348,1.994042
349,1.991839
350,1.991898
351,1.988629
352,1.989703
353,1.996892
354,1.987959
355,1.989278
356,1.991269
357,1.988805
358,1.986894
359,1.988156
360,1.993497
361,1.987975
362,1.977847
363,1.979412
364,1.98132
365,1.976667
366,1.974983
367,1.981353
368,1.984438
369,1.975634
370,1.975241
371,1.973741
372,1.976745
373,1.971408
374,1.969479
375,1.969829
376,1.97876
377,1.967398
378,1.969458
379,1.967166
380,1.96749
381,1.964088
382,1.965215
383,1.960705
384,1.966785
385,1.966817
386,1.966137
387,1.961202
388,1.9595
389,1.954849
390,1.959231
391,1.957516
392,1.955303
393,1.956746
394,1.952585
395,1.955039
396,1.949507
397,1.951686
398,1.949472
399,1.952038
400,1.947133
401,1.951476
402,1.951372
403,1.948006
404,1.945991
405,1.945146
406,1.945902
407,1.941253
408,1.945472
409,1.948533
410,1.939652
411,1.940059
412,1.943295
413,1.939451
414,1.941338
415,1.938756
416,1.941869
417,1.93709
418,1.936551
419,1.934238
420,1.934495
421,1.935125
422,1.932758
423,1.933127
424,1.933518
425,1.930274
426,1.932674
427,1.927767
428,1.934685
429,1.929863
430,1.927594
431,1.926052
432,1.923523
433,1.924908
434,1.924042
435,1.930463
436,1.925936
437,1.923175
438,1.921136
439,1.920603
440,1.918036
441,1.920001
442,1.921025
443,1.919457
444,1.923772
445,1.919051
446,1.915942
447,1.914564
448,1.913006
449,1.913184
450,1.914364
451,1.913601
452,1.915232
453,1.910264
454,1.910607
455,1.912588
456,1.913879
457,1.908606
458,1.90899
459,1.906403
460,1.904946
461,1.905834
462,1.905433
463,1.905335
464,1.904466
465,1.908113
466,1.902789
467,1.907272
468,1.902601
469,1.903708
470,1.901614
471,1.904307
472,1.901719
473,1.896502
474,1.89836
475,1.900844
476,1.901864
477,1.90024
478,1.899565
479,1.90043
480,1.893839
481,1.894096
482,1.895561
483,1.898614
484,1.892403
485,1.897511
486,1.896638
487,1.892396
488,1.890189
489,1.888929
490,1.894675
491,1.888859
492,1.886595
493,1.888035
494,1.888238
495,1.885054
496,1.886995
497,1.88215
498,1.883968
499,1.882513
500,1.883968
501,1.881536
502,1.882994
503,1.884732
504,1.880739
505,1.882943
506,1.88081
507,1.879902
508,1.877639
509,1.878395
510,1.877775
511,1.876228
512,1.878705
513,1.88156
514,1.877782
515,1.880463
516,1.876752
517,1.874935
518,1.874854
519,1.883225
520,1.872973
521,1.875499
522,1.876884
523,1.874769
524,1.870821
525,1.870631
526,1.870554
527,1.869391
528,1.872682
529,1.869979
530,1.869317
531,1.867566
532,1.86775
533,1.868944
534,1.868768
535,1.867914
536,1.864079
537,1.864885
538,1.864548
539,1.866466
540,1.863063
541,1.863616
542,1.862464
543,1.86377
544,1.86461
545,1.86131
546,1.861023
547,1.860131
548,1.86443
549,1.858012
550,1.863812
551,1.860658
552,1.866379
553,1.85689
554,1.857724
555,1.863024
556,1.858785
557,1.859966
558,1.85501
559,1.853671
560,1.854557
561,1.85352
562,1.853003
563,1.853209
564,1.854574
565,1.856944
566,1.852968
567,1.851126
568,1.851207
569,1.851246
570,1.849601
571,1.849791
572,1.851893
573,1.849996
574,1.850628
575,1.850828
576,1.848222
577,1.847876
578,1.84668
579,1.849058
580,1.848014
581,1.849503
582,1.845947
583,1.84481
584,1.843956
585,1.846109
586,1.842917
587,1.842021
588,1.848764
589,1.844752
590,1.842436
591,1.843407
592,1.840683
593,1.841041
594,1.840137
595,1.83977
596,1.840488
597,1.839228
598,1.838866
599,1.838971
600,1.839173
601,1.83773
602,1.836605
603,1.836669
604,1.838081
605,1.837306
606,1.837036
607,1.83641
608,1.834638
609,1.835317
610,1.839982
611,1.834117
612,1.834026
613,1.833756
614,1.833915
615,1.834896
616,1.83373
617,1.831974
618,1.832058
619,1.831743
620,1.832602
621,1.829666
622,1.82905
623,1.831537
624,1.829757
625,1.829608
626,1.829486
627,1.828824
628,1.829713
629,1.827375
630,1.825834
631,1.827796
632,1.828639
633,1.826786
634,1.827013
635,1.827999
636,1.825437
637,1.824595
638,1.827498
639,1.82548
640,1.822847
641,1.823437
642,1.827364
643,1.822952
644,1.822434
645,1.821334
646,1.822059
647,1.821757
648,1.825433
649,1.82395
650,1.822859
651,1.823173
652,1.821993
653,1.819058
654,1.818335
655,1.820769
656,1.819916
657,1.818322
658,1.8175
659,1.819763
660,1.817708
661,1.819886
662,1.818532
663,1.817107
664,1.815651
665,1.815162
666,1.814524
667,1.817716
668,1.814692
669,1.814618
670,1.81493
671,1.816339
672,1.816581
673,1.815845
674,1.815186
675,1.812324
676,1.813749
677,1.81117
678,1.811564
679,1.810658
680,1.811427
681,1.813334
682,1.810196
683,1.809885
684,1.812603
685,1.808798
686,1.810231
687,1.80956
688,1.809144
689,1.807693
690,1.808674
691,1.809332
692,1.807295
693,1.806882
694,1.807183
695,1.807075
696,1.807121
697,1.805816
698,1.806107
699,1.804706
700,1.804648
701,1.806629
702,1.804015
703,1.805858
704,1.805108
705,1.80425
706,1.80329
707,1.805343
708,1.802485
709,1.802671
710,1.80206
711,1.803357
712,1.801668
713,1.802007
714,1.802968
715,1.802299
716,1.799906
717,1.801867
718,1.799956
719,1.800367
720,1.807528
721,1.801866
722,1.801242
723,1.7993
724,1.79962
725,1.799343
726,1.797316
727,1.799461
728,1.797808
729,1.802003
730,1.796547
731,1.797698
732,1.796446
733,1.795221
734,1.796633
735,1.796412
736,1.79571
737,1.794989
738,1.796339
739,1.794996
740,1.794873
741,1.794948
742,1.794696
743,1.792644
744,1.79282
745,1.792549
746,1.794808
747,1.79298
748,1.793253
749,1.792542
750,1.792085
751,1.793147
752,1.793977
753,1.791908
754,1.789984
755,1.789846
756,1.792675
757,1.790563
758,1.790217
759,1.789809
760,1.789945
761,1.789999
762,1.78977
763,1.78804
764,1.789223
765,1.788637
766,1.788382
767,1.787304
768,1.787858
769,1.787513
770,1.788522
771,1.78853
772,1.787378
773,1.787205
774,1.785829
775,1.786043
776,1.785474
777,1.786707
778,1.785791
779,1.792426
780,1.784364
781,1.784793
782,1.783854
783,1.784346
784,1.783985
785,1.785155
786,1.784904
787,1.783243
788,1.783232
789,1.782555
790,1.783448
791,1.783968
792,1.782319
793,1.781319
794,1.785391
795,1.782429
796,1.782186
797,1.785155
798,1.7826
799,1.781977
800,1.78095
801,1.780627
802,1.781665
803,1.779657
804,1.780732
805,1.781056
806,1.779504
807,1.778733
808,1.778474
809,1.779113
810,1.780555
811,1.779261
812,1.778673
813,1.777604
814,1.777099
815,1.776567
816,1.777716
817,1.777006
818,1.778649
819,1.776486
820,1.776813
821,1.775689
822,1.777457
823,1.777366
824,1.776404
825,1.776194
826,1.776916
827,1.776952
828,1.775513
829,1.773701
830,1.77487
831,1.77558
832,1.77477
833,1.775564
834,1.776409
835,1.772942
836,1.772888
837,1.773247
838,1.772237
839,1.772501
840,1.771809
841,1.772091
842,1.771812
843,1.772019
844,1.771773
845,1.772769
846,1.770937
847,1.771035
848,1.770905
849,1.770301
850,1.771016
851,1.773111
852,1.770547
853,1.770779
854,1.769769
855,1.770967
856,1.768878
857,1.768981
858,1.768474
859,1.768481
860,1.768655
861,1.769248
862,1.768424
863,1.768056
864,1.76801
865,1.767726
866,1.767491
867,1.768519
868,1.768318
869,1.766416
870,1.768548
871,1.767645
872,1.766559
873,1.76735
874,1.766418
875,1.765996
876,1.765413
877,1.765611
878,1.766428
879,1.765897
880,1.765739
881,1.765437
882,1.765797
883,1.76619
884,1.767106
885,1.764627
886,1.765034
887,1.763754
888,1.764963
889,1.763765
890,1.763106
891,1.764209
892,1.762889
893,1.762281
894,1.76197
895,1.763479
896,1.762539
897,1.761884
898,1.763116
899,1.763083
900,1.761841
901,1.76172
902,1.763311
903,1.76158
904,1.763194
905,1.760424
906,1.76228
907,1.760938
908,1.761234
909,1.760843
910,1.760188
911,1.759872
912,1.760485
913,1.761619
914,1.760124
915,1.759213
916,1.759729
917,1.75864
918,1.758781
919,1.758224
920,1.758772
921,1.760411
922,1.759918
923,1.758876
924,1.75762
925,1.757741
926,1.757916
927,1.758117
928,1.756966
929,1.756911
930,1.756824
931,1.757702
932,1.756909
933,1.757479
934,1.755492
935,1.756649
936,1.755311
937,1.755151
938,1.756039
939,1.756136
940,1.756239
941,1.755752
942,1.754453
943,1.754506
944,1.754277
945,1.755627
946,1.755933
947,1.756178
948,1.754291
949,1.754831
950,1.754109
951,1.753309
952,1.753874
953,1.753579
954,1.753563
955,1.754489
956,1.753544
957,1.75436
958,1.754321
959,1.752785
960,1.752262
961,1.752048
962,1.753854
963,1.751954
964,1.75183
965,1.751822
966,1.751417
967,1.752042
968,1.750928
969,1.75106
970,1.751885
971,1.751364
972,1.752307
973,1.750333
974,1.751048
975,1.751079
976,1.752408
977,1.750433
978,1.750228
979,1.751295
980,1.749479
981,1.74939
982,1.749161
983,1.74967
984,1.749758
985,1.75015
986,1.74949
987,1.748813
988,1.74863
989,1.748671
990,1.749057
991,1.747935
992,1.748043
993,1.748426
994,1.747721
995,1.750321
996,1.74913
997,1.747164
998,1.747894
999,1.747346
